Always Fresh,Fresh
Aurora,caffe aurora
Aussie Bodies,aussie
Australian,Australian Organic Food Co.
Australian,australian botanical
Australian,australian botanical bar soap
Australian,australian botanical soap
Australian Organic Food Co.,australian organic
Avent,avent air
BROAD OAK FARMS,OAK
BSc,bsc violet crumble pro
Baby U,baby
Baker's Oven,bakers
Bakers Collection,bakers
Balfours,balfours bakehouse
Balfours,balfours premium
Barossa Fine Foods,Fine Foods
Barossa Valley Cheese,barossa
Barossa Valley Cheese Co,barossa
Barry,jim barry
Beauty,Swisse Beauty
Beauty,lacura beauty
Bellamy's,bellamy's organic
Birds Eye,bird's
Birds Eye,birds eye view
Black & Gold,gold
Bob Martin,bob
Bonds,bonds 70d opaque/
Bow Wow,Bow Wow Pals
British,British Sausage Co.
British,the british sausage co.
Bruce,Nutty Bruce
Bubs,Bubs Organic
Byron Bay Burger,byron
Byron Bay Burger,byron bay
Byron Bay Cookies,byron
Byron Bay Cookies,byron bay
Canon Foods,canon
Cavendish & Harvey,Harvey
Chang's,chang's tamari
Chris',Chris' Dip
Classic Salads,classic
Cobs,cobs drizzld
Coffee Bean Trading Co.,bean
Cold Power,power
Coles Simply,simply
Comfort,sof comfort
Creative Gourmet,Gourmet
Crunch & Co,crunch
Cucina Matese,cucina
DJ&A,dj&a tempura
DON,don artusi
DON,don cesare
DON,don deli cuts
DON,don donskis
DON,don julio
DON,don vica
Decor,Decor Tellfresh Container
Denada,Denada Choc & Hazelnut
Dine,cook & dine
Dine,cook & dine apron
Dine,cook & dine clip top jar
Dine,cook & dine contemporary
Dine,cook & dine novelty mug
Dine,cook & dine tall tumblers
Dine,cook & dine terry tea
Dine,cook & dine trend mug
Dine,dine fillets
Drovers,drovers choice
Duck,luv a duck
ETA Ripples Chips,eta
ETi,Eti Pop Kek
Elvive,l'oreal elvive hyaluron
Fibre One,One
Fine Foods,Lucia's Fine Foods
Fine Foods,bite me fine foods
Fine Foods,northside fine foods
Fine Foods,olga's fine foods
Fine Foods,wicked sister fine foods
Finish,rimmel lasting finish
Fragassi,fragassi extra virgin oil
Freedom Foods,freedom
Fresh,Fresh Bake
Fresh,Fresh Up
Fresh,Harvey Fresh
Fresh,Latina Fresh
Fresh,Morning Fresh
Fresh,Mountain Fresh
Fresh,Stay Fresh
Fresh,beautiful blooms fresh flowers
Fresh,bendigo fresh
Fresh,cass fresh
Fresh,chef fresh
Fresh,coles fresh
Fresh,country fresh
Fresh,deli originals fresh
Fresh,fresh fodder
Fresh,fresh pet food co
Fresh,fresh press
Fresh,garden fresh
Fresh,hi fresh
Fresh,hi fresh salads
Fresh,hugo's fresh
Fresh,lemon fresh
Fresh,perfection fresh
Fresh,rainbow fresh
Fresh,the fresh fruit co
Fresh,the fresh salad co
Fresh,the fresh veggie co
From Basque With Love,love
Global Organics,global
Global Seafoods,global
Go Natural,natural
Gold Nuggets,gold
Golden,Golden Circle
Golden,Golden Days
Golden,golden rough chocolate
Golden,golden shore
Gourmet,Gourmet Delight
Gourmet,Gourmet Garden
Gourmet,SA Gourmet Food
Gourmet,SA Gourmet Food Co.
Gourmet,blackstone gourmet snack co.
Gourmet,gold gourmet foods
Gourmet,gourmet breakfast
Gourmet,gourmet meals
Gourmet,gourmet saba
Gourmet,gourmet table
Gourmet,roza's gourmet
Grants OF AUSTRALIA,grant's
Greenlife,greenlife nordic frypan
Guzzi's Free Range,guzzi's
Haldiram's,haldirams navrattan
Haldiram's,haldirams snack
Happy Cake Co,cake
Harvest Snaps,harvest
Health Lab,health lab chewy choc
Impressed,impressed essentials
JC's,jc's quality foods
Johnson's Baby,baby
KR Castlemaine,kr
Kids,U/works Kids School Socks
Kids,Westcott Kids
Kids,bic kids magic
Kids,hot kids
Kids,mix kids
Korbond,korbond 110084
Korbond,korbond black 110032
Korbond,korbond thread
La Famiglia,la
La Nova,la
La Tosca,la
La Triestina,la
La Vera,la
Licensed,hot topic licensed mug
Licensed,licensed mugs -
Lo Bros,lo bros up
Lo Bros,lo bros up berry
Love Buds,buds
Love Buds,love
Love Raw,love
Lucky,Lucky Dog
Lucky,lucky sod
Lucky Dog,dog
Lux,Lux & Bones
Lux,Lux And Bones
Lux & Bones,Lux And Bones
MADE REAL,real
MONARC,monarc crowns
Maggie Beer,maggie beer products
Magic,bic kids magic
Magic,magic trees
Magic,magic washing machine
Magic,white magic
Mainland,mainland otg extra tasty
Margaret,Margaret River
Margaret,margaret river dairy company
Margaret River,margaret river dairy company
Marshmallow,so soft marshmallow co
Maseur,maseur sports plus
Maseur,maseur weather guard
Master,Pasta Master
Master,master lock
Master,master mary
Master,sushi master
Mega Warheads,Warheads
Metamucil,metamucil 72 doses
Mighty Soft,mighty
Milk,darrell lea milk choc
Milk,the milk thief
Milk,the organic milk co
Mini Barbieland,mini
Monster,Monster Munch
Monster,mamee monster
Moro,moro ohlio
Mutti,mutti sugo
My Dog,dog
My Muscle Chef,muscle
NRG,nrg maxx
Napro Palette,napro
Nice & Natural,natural
OC Naturals,oc
OCP Slasher,slasher
Dragon,dragon & phoenix
One,Wild One
One,purina one
Only Juice,only
Only Juice,only juice co.
Pandaroo,pandaroo sushi
Peckish,peckish peckables
Pura,aqua pura
Pureau,nobles pureau
Queen,Queen Victoria
Queen,queen choc
Queen,queen natural
Queen,queen vic concentrated
Queen,queen victoria tea
Queen,sunny queen
Quick Mist,quick
Quick Screen,quick
Real Juice Company,real
Remedy,planet remedy
Revlon,revlon colorstay c/o
Royal Fields,royal
Royal Kerry,royal
SA Gourmet Food,SA Gourmet Food Co.
SURF,surf life
Santa Vittoria,Vittoria
Schar,dr schar
Schulz,barossa schulz
Scott's,Scotts Osmocote
Simple,mrf oh sow simple
Simple,simple organic
Simply 7,simply
Simply Tasty,Tasty
Simply Tasty,simply
Simply Wize,simply
Skin Control,skin
Smith's,smiths baked
Spice,The Spice Tailor
Spice,euro spice
Street Kitchen,street
Sugarless Confectionery,sugarless
Sunbites,sunbites multipack
Sunshine,drop of sunshine
Sweet and Sour,sweet sour
Table Of Plenty,plenty
Taj,taj mahal
Tasmanian Pate,tasmanian
Tasty,Tasty Toobs
Tasty,mainland otg extra tasty
Tasty,nice n' tasty
Tasty,tasty miso
Tasty,tasty mix
Tasty,tasty sweet
Temptations,great temptations
The Bean Alliance,bean
The Cake Shop,cake
The Collective,the honey collective
The Collective,the honey collective co
The Gluten Free Lab,the lab
The Natural Confectionery Co.,natural
The Olive Branch,olive branch
The Wise Bunny,wise bunny
Thomson's Deli,thomson's
Tinnies,dimmies & tinnies
Tip Top,tip top cafe
Tom,Tom Organic
Tom,snappy tom
Tom,tom & luke
Tom,tom piper
Tom,tooshies by tom
Tonik,tonik pro
Tooshies,tooshies by tom
Tropical Island,tropical
Tru Blu,blu
Tru Blue,tru blue foods
Tucker's,tuckers taste of aus
Twix,pods twix
UK Foods,u.k.
Ultimates,Ultimates Indulge
Ultimates Indulge,indulge
Ultralife,ultralife coq10
Uniquely Natural,natural
Urban Pantry,urban
Urbane,Urbane Mess
Vegemite,cheesy vegemite scroll
Violet,Violet Crumble
Violet,bsc violet crumble pro
Violet Crumble,bsc violet crumble pro
Vogel's,vogel's alfred vogel
Werther's Original,original
Westcott Kids,westcott
Wild Breads,wild
Wild One,wild
Wild Turkey,wild
Willow,willow springs
Wiltshire,wiltshire classic gas
Wonder,sard wonder
Woofin Good Dog Food,dog
Yes You Can,can
Yes You Can,yes!
Yummy,yummy karma
ZoOSh,zoosh dip
abbey vale,vale
alcafe gold,gold
all natural bakery,natural
almat,almat comfy
alternative dairy,the alternative dairy co.
annie's orchard,orchard
aussie,aussie pure
australian gold,gold
baby,baby bellies
baby,baby mum-mum
baby,sweet baby rays
baby mum-mum,mum-mum
baker's choice,bakers
baker's craft,bakers
bakers,bakers life
bakers,bakers maison
bakers,easy bakers
bakers maison,maison
bakery du jour,du jour
barry's gold,gold
barry's tea,tea
beacon,green beacon
bean,bean ground & drunk
bel,bel babybel
big boss,boss
big lolly,lolly
binggrae,binggrae melona
birch & waite,birch & waite sauce
bird's,birds eye view
boss,suntory boss coffee
boss coffee,suntory boss coffee
britannia,britannia  value pack
bru,irn bru
bulldog,bulldog skincare
buono,buono mochi
butchs,butchs smallgoods
butter,butter menthol
byron bay,byron bay chilli co.
byron bay,byron bay confectionery
cachet,julius & cachet
cake,dan cake
cake,the cake stall
calabria,calabria bros
camino real,real
canadian club,club
cape byron,norco cape byron
capel vale,vale
chandon,moet & chandon
chans yum cha,yum yum
charlie's,charlie's fine food co.
charlie's fine food co.,fine food
cheese board,the cheese board
ching's,chings secret
chocolate / ice mould,ice
chomp,froggy chomp
choo choo,lan choo
classic,divine classic
classic,wiltshire classic gas
classica,cucina classica
club,club rock
club,havana club
coco & lucas,lucas
cook & dine terry tea,tea
cookie,cookie dough
cookie,cookie man
cookie,urban cookie
cookie man,man
cottons,cottons organic
country chef,the country chef bakery co
country orchard,orchard
crisp,muscle nation crisp bar
crunch,sea crunch
daily juice,the daily juice
daley street,street
dermal,dermal therapy
di leo,leo
divine,divine classic
divine,divine foods aust.
dog,moon dog
dog,our dog
dog,sheep dog
donna,donna lorenza
double,"double ""d"""
double,double d smart sweets
double,double pheonix
double,double phoenix
double,zantac double
duo,duo penotti
duo,joseph joseph duo
eco,eco tools
eco,my eco bag
eco,piksters eco
english tea shop,tea
fiji,fiji kava
flying power,power
friends,rascal and friends
fudge,grans fudge
fuze tea,tea
gaganis,gaganis bros
gastro,gastro stop
ghost,ghost drops
glass,pyrex bake n serve glass
glass,pyrex bake n store glass
global,global cafe direct
gold,gold gourmet foods
gold,gold max
gold,gold medal
gold,gold reef
gold,gold sunset
gold,julius gold
gold,old gold
gold,suncoast gold
gold,sweet oz gold
gold reef,reef
good farmer,the good farmer
great ocean road,ocean
green nation,green nation life
grove,grove juice
gumi yum,yum yum
happy happy,happy hippie
happy happy,happy snack company
happy happy,the happy donut co
happy happy,the happy muffin co
happy happy,the happy snack company
harvest,harvest box
harvest,harvest snap
harvest,ocean harvest
harvest,outback harvest
harvest,royal harvest
harvest,sun harvest
harvest,the kind harvest
hemp,hemp foods
hemp,hemp oz
henri laurent,laurent
house of yum,yum yum
hugo's fresh,hugos
i love,love
ice,tasmanian ice cream
ichiban,wei lih ichiban
isle of man,man
ito,ito en
ito,ito en oi ocha
ito en,ito en oi ocha
jolly lolly,lolly

just,just organic
just,just rooibos
kangaroo island,kangaroo island olives
kenilworth,kenilworth dairies
kind,the kind harvest
la,la belle angele
la,la boheme
la,la boulangere
la,la casa del
la,la casa del formaggio
la,la casa del formagio
la,la costena
la,la espanola
la,la fournee doree
la,la gum
la,la molisana
la,la morena
la,la poda
la,la vuelta
la,la zuppa
