23rd street,street
Alfa One,One
Alka Power,power
Atkins,atkins farm
Australian,australian bitters
Australian,australian distilling
Australian,australian gold
Australian,australian grown
Australian,australian organic
Australian,nice rice australian
Australian,tibaldi australian
Australian,yumbah australian
Ben's Original,original
Cadbury Buzz Bar,buzz

Comfort,southern comfort
Coopers,frank cooper's
Eazii Mini Egg,mini
Elevate Journal,elevate
Extra,dolmio extra pasta sauce
Extra,extra care
Extra,fragassi extra virgin oil
Extra,hunt and brew extra
Extra,mainland otg extra tasty
Fairy,fairy delights
Fairy,fairy floss
Fantastic,fantastic delites
Felix,vasse felix
Fluffy,fluffy heart
Fresh,iga fresh
Gem,hidden gem
Golden,Golden Swan
Golden,Golden Wok
Golden,golden chicken
Golden,golden days sesame bites
Golden,golden fry
Golden,golden mile
Golden,golden north
Golden Swan,swan
Happy Cake Co,happy happy
Happy Way,happy happy
Harris,harris smokehouse
Ice Break,ice
Jacob's,jacob's creek
Jo Jo,Jo Olley
Jo Jo,farmer jo
Just For Men,just
Just Juice,just
Kids,sour patch kids
Kids,sundae  for kids
Kids,sundae for kids
Kids,u/works kids sport socks
Kingston Crown,crown
LA Ice,ice
LA Ice,la
La Bella,la
LifeStyle Bakery,lifestyle
Local Legends,local
Mother,mother earth
Ocean Spray,ocean
Off The Eaten Path,Off!
Off!,easy off
Off!,easy off bam
One,ketel one
One,one night in mexico
One,tempus one
Optimum,Optimum Nutrition
Orange Power,power
Poppin,lolly poppin
Prime Hydration,prime
Tea Tonic,tea
apple,apple grove
apple,the good apple
apple grove,grove
apron,cook & dine apron
arctic ice,ice
bombay,mrs bombay
boss,soda boss
carpet power,power
chivas regal,regal
