# Summary of Work Performed in Chat Session

This document details all the changes, new features, bug fixes, and refactorings implemented during this chat session.

## 1. Fixing `update_db --prefixes` Command & Brand Synonym Generation

**Problem:** The `update_db --prefixes` command was incorrectly regenerating the *product* name translation table twice, instead of a *brand* specific one.

**Initial Investigation & Fix:**
*   Discovered that `VariationManager` (`api/database_updating_classes/variation_manager.py`) handles brand merges directly in the database.
*   Identified that `generated_brand_synonyms.json` (`api/data/analysis/generated_brand_synonyms.json`) was managed by unused `save_synonym.py` and `bulk_save_synonyms.py`.
*   **Modified:** `api/database_updating_classes/prefix_update_orchestrator.py`
    *   **Change:** Initially, updated to call `_reconcile_brands` and pass a *copy* of `brand_reconciliation_list` to `VariationManager` to prevent it from being cleared. Then called `bulk_save_synonyms` to update `generated_brand_synonyms.json` from this list.

**User Clarification & Final Fix:**
*   The user clarified that `generated_brand_synonyms.json` should be fully regenerated from the database's `ProductBrand.name_variations` field, not incrementally updated from an in-memory list.
*   **Created:** `api/utils/synonym_utils/brand_synonym_generator.py`
    *   **Purpose:** A new utility to fully regenerate `generated_brand_synonyms.json` by querying all `ProductBrand` instances.
*   **Modified:** `api/database_updating_classes/prefix_update_orchestrator.py`
    *   **Change:** Replaced the call to `bulk_save_synonyms` with a call to the new `brand_synonym_generator.py`.

## 2. Dead Code Removal

**Discovery:** Through investigation, the following files were identified as unused or superseded by new implementations:
*   `api/utils/synonym_utils/save_synonym.py`
*   `api/utils/synonym_utils/bulk_save_synonyms.py`
*   `api/utils/synonym_utils/handle_barcode_match.py`
*   `api/utils/synonym_utils/load_synonyms.py`

**Action:**
*   **Deleted:**
    *   `api/utils/synonym_utils/save_synonym.py`
    *   `api/utils/synonym_utils/bulk_save_synonyms.py`
    *   `api/utils/synonym_utils/handle_barcode_match.py`
    *   `api/utils/synonym_utils/load_synonyms.py`

## 3. Integrating `reconcile_products` into `update_db`

**Problem:** The standalone `reconcile_products` command found duplicates that the `update_db` command missed (specifically, non-barcode-based duplicates).

**Explanation:**
*   `VariationManager` (used by `update_db`) handles product merges based on *barcode matches*.
*   `ProductReconciler` (used by `reconcile_products`) handles merges based on *name variations* from the translation table, catching duplicates where barcodes might be missing or different.

**Fix & Integration:**
*   **Modified:** `api/database_updating_classes/update_orchestrator.py`
    *   **Fix:** Resolved `AttributeError: 'UpdateOrchestrator' object has no attribute 'variation_manager'` by correctly initializing `self.variation_manager` in `__init__` and injecting `unit_of_work` per file.
    *   **Fix:** Corrected `AttributeError: 'UpdateOrchestrator' object has no attribute '_cleanup'` by changing the call to `_cleanup_processed_files()`.
    *   **Fix:** Removed duplicate `TranslationTableGenerator` calls.
    *   **Change:** Integrated the `ProductReconciler` logic by adding a call to `ProductReconciler.run()` at the end of the `run` method. This makes `update_db` a comprehensive reconciliation command.
    *   **Temporary Change:** At user's request, the `ProductReconciler` call was temporarily commented out, then re-enabled.

**Obsolete Files (Pending Deletion):**
*   `api/management/commands/reconcile_products.py`
*   `api/database_updating_classes/product_reconciler.py`

## 4. Refactoring Category Linking System

**Goal:** Simplify category linking (remove directionality), and introduce `MATCH`, `CLOSE_RELATION`, `DISTANT_RELATION` types for more nuanced relationships.

**Phase 1: Database Model Refactoring**
*   **Deleted:** `companies/models/category_equivalence.py` (old through model).
*   **Modified:** `companies/models/category.py`
    *   **Change:** Removed the old `equivalences` ManyToManyField.
*   **Modified:** `companies/models/__init__.py`
    *   **Change:** Removed the old `CategoryEquivalence` import.
*   **Action:** Ran `python manage.py makemigrations companies` (generated `0002_remove_category_equivalences_and_more.py`).
*   **Created:** `companies/models/category_link.py`
    *   **Purpose:** New symmetrical `CategoryLink` model with `category_a`, `category_b`, and `link_type` (choices: `MATCH`, `CLOSE_RELATION`, `DISTANT_RELATION`).
*   **Modified:** `companies/models/category.py`
    *   **Change:** Added new `links` ManyToManyField, using `CategoryLink` as the through model.
*   **Modified:** `companies/models/__init__.py`
    *   **Change:** Added import for `CategoryLink`.
*   **Action:** Ran `python manage.py makemigrations companies` (generated `0003_categorylink_category_links_and_more.py`).
*   **Action:** Ran `python manage.py migrate companies` to apply all schema changes.

**Phase 2: Interactive Tool (`create_category_links.py`) Refactoring**
*   **Created:** `api/management/commands/suggest_category_links.py`
    *   **Purpose:** New command to analyze all categories and generate `api/data/suggested_category_links.json` (a ranked list of potential links based on shared products).
*   **Modified:** `api/management/commands/create_category_links.py`
    *   **Change:** Added `--use-suggestions` flag and made `--level` optional.
    *   **Change:** Overhauled the interactive prompt to present the 5 new options (`MATCH`, `CLOSE`, `DISTANT`, `SKIP`, `NO-MATCH`).
    *   **Change:** Modified decision-saving logic to store decisions in the new non-directional format in the inbox.
    *   **Fix:** Resolved `IndentationError` and other syntax issues introduced during refactoring.

**Phase 3: DB Update Logic (`update_category_links.py`) Refactoring**
*   **Modified:** `api/utils/database_updating_utils/update_category_links.py`
    *   **Change:** Updated to import `CategoryLink` and process the new inbox file format, creating `CategoryLink` objects.
    *   **Integrated:** `ExactCategoryMatcher`.
*   **Created:** `api/database_updating_classes/exact_category_matcher.py`
    *   **Purpose:** New class to automatically find and create `MATCH` links for categories with identical normalized names. This runs at the start of `update_db --category-links`.

## 5. Substitution Generation Enhancements

**Problem:** Existing Level 5 substitution generator was siloed (only compared products within the same category), and the `ProductSubstitution` model lacked `LVL5` and `LVL6` choices.

**Action:**
*   **Modified:** `products/models/substitution.py`
    *   **Change:** Added `LVL5` ('Same category, semantic match.') and `LVL6` ('Linked category, semantic match.') choices to `SUBSTITUTION_LEVELS`.
*   **Action:** Ran `python manage.py makemigrations products` and `python manage.py migrate products`.
*   **Created:** `api/utils/substitution_utils/lvl6_substitution_generator.py`
    *   **Purpose:** New generator class to implement cross-category semantic matching using the new `CategoryLink` model. It groups linked categories and performs semantic analysis on the combined product pool.
*   **Modified:** `api/management/commands/generate_subs.py`
    *   **Change:** Added `--lvl6` argument and integrated the call to `Lvl6SubstitutionGenerator`.

This concludes the summary of our work.
